date,minute,label,high,low,average,volume,notional,numberOfTrades,marketHigh,marketLow,marketAverage,marketAverage,marketVolume,marketNotional,marketNumberOfTrades,open,close,marketOpen,marketClose,changeOverTime,marketChangeOverTime
20181221,09:30,09:30 AM,3.75,3.71,3.727,12056,44926.92,64,3.78,3.7,3.72,3.72,469975,1748253.7517,780,3.71,3.74,3.78,3.74,0,0
20181221,09:31,09:31 AM,3.77,3.74,3.748,5900,22114.5,18,3.78,3.735,3.758,3.758,143680,539950.7616,302,3.74,3.75,3.735,3.75,0.005634558626241039,0.010215053763440809
20181221,09:32,09:32 AM,3.745,3.745,3.745,400,1498,2,3.75,3.73,3.737,3.737,91267,341066.0855,112,3.745,3.745,3.745,3.75,0.004829621679635159,0.004569892473118254
20181221,09:33,09:33 AM,3.74,3.725,3.736,27400,102374,31,3.75,3.72,3.742,3.742,676262,2530680.2408,792,3.74,3.725,3.745,3.72,0.0024148108398176393,0.005913978494623601
20181221,09:34,09:34 AM,3.73,3.725,3.726,3000,11178.5,8,3.75,3.72,3.73,3.73,357214,1332508.9464,246,3.725,3.73,3.725,3.74,-0.0002683123155352535,0.0026881720430106952
20181221,09:35,09:35 AM,3.76,3.75,3.753,2000,7507,4,3.77,3.74,3.757,3.757,61712,231841.5958,179,3.75,3.76,3.75,3.76,0.006976120203917426,0.009946236559139763
20181221,09:36,09:36 AM,3.75,3.74,3.744,900,3370,3,3.76,3.72,3.74,3.74,306786,1147247.4022,197,3.75,3.74,3.75,3.72,0.004561309364099906,0.00537634408602151
20181221,09:37,09:37 AM,3.76,3.72,3.751,16200,60762.5,20,3.77,3.72,3.744,3.744,552980,2070330.4027,516,3.72,3.75,3.72,3.74,0.0064394955728467995,0.006451612903225812
20181221,09:38,09:38 AM,3.75,3.74,3.749,8700,32619.5,83,3.76,3.735,3.744,3.744,217933,815857.9805,309,3.745,3.75,3.74,3.76,0.0059028709417762925,0.006451612903225812
20181221,09:39,09:39 AM,3.75,3.75,3.75,900,3375,5,3.76,3.744,3.75,3.75,129616,486090.9683,179,3.75,3.75,3.757,3.75,0.006171183257311546,0.008064516129032206
20181221,09:40,09:40 AM,3.75,3.75,3.75,6128,22980,18,3.76,3.745,3.75,3.75,349548,1310888.5438,388,3.75,3.75,3.755,3.75,0.006171183257311546,0.008064516129032206
20181221,09:41,09:41 AM,3.755,3.74,3.741,4300,16087,8,3.755,3.73,3.744,3.744,150337,562852.5386,175,3.745,3.755,3.75,3.74,0.003756372417494026,0.006451612903225812
20181221,09:42,09:42 AM,-1,-1,-1,0,0,0,3.75,3.74,3.749,3.749,14527,54462.2065,40,,,3.74,3.745,,0.007795698924731159
20181221,09:43,09:43 AM,3.755,3.75,3.75,2400,9000.5,7,3.76,3.74,3.75,3.75,91568,343386.2113,141,3.75,3.75,3.75,3.74,0.006171183257311546,0.008064516129032206
20181221,09:44,09:44 AM,3.77,3.75,3.761,4900,18428.5,10,3.78,3.74,3.762,3.762,295564,1111831.9412,386,3.75,3.77,3.75,3.77,0.009122618728199692,0.01129032258064511
20181221,09:45,09:45 AM,3.775,3.77,3.773,3200,12073,6,3.78,3.77,3.771,3.771,130342,491457.9127,213,3.77,3.775,3.775,3.775,0.012342366514623093,0.013709677419354761
20181221,09:46,09:46 AM,3.785,3.78,3.784,1500,5676,5,3.79,3.77,3.78,3.78,92711,350492.2623,147,3.78,3.785,3.78,3.79,0.01529380198551112,0.01612903225806441
20181221,09:47,09:47 AM,3.805,3.785,3.79,2512,9521.48,11,3.81,3.755,3.795,3.795,166830,633090.3745,298,3.79,3.79,3.785,3.802,0.01690367587872288,0.020161290322580572
20181221,09:48,09:48 AM,3.825,3.81,3.818,1900,7255,5,3.83,3.8,3.82,3.82,177269,677166.3483,338,3.81,3.825,3.81,3.825,0.02441642071371081,0.02688172043010743
20181221,09:49,09:49 AM,3.825,3.825,3.825,200,765,1,3.83,3.814,3.826,3.826,14513,55522.9088,53,3.825,3.825,3.82,3.82,0.026294606922457824,0.02849462365591394
20181221,09:50,09:50 AM,3.825,3.82,3.822,300,1146.5,2,3.83,3.81,3.82,3.82,70392,268896.1015,125,3.825,3.82,3.82,3.811,0.025489669975851944,0.02688172043010743
20181221,09:51,09:51 AM,3.8,3.775,3.788,4039,15298.7,8,3.82,3.775,3.796,3.796,84879,322207.4332,197,3.8,3.775,3.81,3.78,0.016367051247652253,0.020430107526881618
20181221,09:52,09:52 AM,3.785,3.78,3.781,500,1890.5,5,3.79,3.77,3.779,3.779,82783,312841.4983,96,3.78,3.785,3.78,3.785,0.014488865038905358,0.015860215053763366
20181221,09:53,09:53 AM,-1,-1,-1,0,0,0,3.794,3.77,3.784,3.784,88871,336307.3563,87,,,3.79,3.771,,0.017204301075268713
20181221,09:54,09:54 AM,3.75,3.745,3.747,700,2623,4,3.78,3.74,3.753,3.753,109860,412276.9004,150,3.75,3.745,3.77,3.75,0.005366246310705666,0.008870967741935461
20181221,09:55,09:55 AM,3.75,3.745,3.746,44100,165216,60,3.75,3.74,3.747,3.747,248024,929301.4247,379,3.745,3.75,3.74,3.75,0.005097933995170413,0.0072580645161289484
20181221,09:56,09:56 AM,3.745,3.745,3.745,3900,14605.5,18,3.75,3.74,3.742,3.742,64321,240712.1611,163,3.745,3.745,3.75,3.745,0.004829621679635159,0.005913978494623601
20181221,09:57,09:57 AM,3.745,3.745,3.745,700,2621.5,6,3.75,3.74,3.745,3.745,5230,19586.4253,32,3.745,3.745,3.746,3.75,0.004829621679635159,0.0067204301075268575
20181221,09:58,09:58 AM,3.75,3.745,3.747,800,2997.5,9,3.75,3.74,3.746,3.746,13154,49273.715,75,3.745,3.745,3.75,3.75,0.005366246310705666,0.006989247311827903
20181221,09:59,09:59 AM,3.75,3.74,3.746,4100,15360,14,3.75,3.74,3.746,3.746,379089,1420220.4516,156,3.75,3.75,3.74,3.745,0.005097933995170413,0.006989247311827903
20181221,10:00,10 AM,3.755,3.745,3.75,34300,128626.5,42,3.76,3.74,3.75,3.75,289717,1086381.7314,414,3.745,3.755,3.75,3.75,0.006171183257311546,0.008064516129032206
20181221,10:01,10:01 AM,3.77,3.745,3.754,14800,55553.5,15,3.77,3.74,3.756,3.756,157589,591926.0957,152,3.745,3.77,3.745,3.77,0.007244432519452679,0.009677419354838599
20181221,10:02,10:02 AM,3.765,3.765,3.765,1400,5271,2,3.77,3.75,3.762,3.762,19928,74970.3023,53,3.765,3.765,3.77,3.75,0.010195867990340826,0.01129032258064511
20181221,10:03,10:03 AM,3.755,3.755,3.755,1900,7134.5,3,3.76,3.75,3.752,3.752,27463,103050.6406,65,3.755,3.755,3.75,3.76,0.007512744834987933,0.008602150537634296
20181221,10:04,10:04 AM,3.755,3.75,3.755,2600,9762,7,3.76,3.749,3.754,3.754,90440,339528.9966,108,3.755,3.755,3.75,3.755,0.007512744834987933,0.009139784946236507
20181221,10:05,10:05 AM,3.755,3.745,3.753,2900,10884,9,3.76,3.745,3.751,3.751,46798,175543.0174,122,3.755,3.745,3.75,3.745,0.006976120203917426,0.00833333333333325
20181221,10:06,10:06 AM,3.745,3.745,3.745,2700,10111.5,2,3.75,3.74,3.744,3.744,24012,89900.5145,63,3.745,3.745,3.74,3.74,0.004829621679635159,0.006451612903225812
20181221,10:07,10:07 AM,3.745,3.74,3.745,11200,41941.5,12,3.75,3.74,3.743,3.743,50673,189684.4887,103,3.745,3.745,3.745,3.75,0.004829621679635159,0.006182795698924647
20181221,10:08,10:08 AM,3.745,3.745,3.745,100,374.5,1,3.75,3.74,3.743,3.743,13209,49446.7188,40,3.745,3.745,3.745,3.745,0.004829621679635159,0.006182795698924647
20181221,10:09,10:09 AM,3.745,3.745,3.745,15200,56924,14,3.75,3.74,3.745,3.745,53678,201019.2825,81,3.745,3.745,3.745,3.74,0.004829621679635159,0.0067204301075268575
20181221,10:10,10:10 AM,3.745,3.745,3.745,5100,19099.5,15,3.75,3.74,3.742,3.742,43511,162830.2936,99,3.745,3.745,3.74,3.75,0.004829621679635159,0.005913978494623601
20181221,10:11,10:11 AM,3.775,3.745,3.763,12400,46656.5,25,3.78,3.74,3.757,3.757,160473,602854.5771,368,3.745,3.775,3.74,3.775,0.0096592433592702,0.009946236559139763
20181221,10:12,10:12 AM,3.785,3.775,3.78,4000,15121,14,3.79,3.755,3.78,3.78,91427,345554.2531,231,3.775,3.785,3.775,3.79,0.014220552723369986,0.01612903225806441
20181221,10:13,10:13 AM,3.795,3.79,3.793,2700,10242.5,4,3.8,3.78,3.792,3.792,61668,233848.4706,178,3.79,3.795,3.79,3.8,0.01770861282532876,0.019354838709677316
20181221,10:14,10:14 AM,3.8,3.8,3.8,2279,8660.2,23,3.805,3.79,3.8,3.8,30723,116747.4216,124,3.8,3.8,3.79,3.805,0.019586799034075654,0.02150537634408592
20181221,10:15,10:15 AM,3.815,3.81,3.814,1300,4958.5,4,3.82,3.81,3.816,3.816,99619,380158.299,176,3.81,3.815,3.81,3.815,0.023343171451569677,0.02580645161290313
20181221,10:16,10:16 AM,3.815,3.81,3.814,5500,20980,10,3.82,3.8,3.813,3.813,90551,345239.011,174,3.815,3.815,3.815,3.81,0.023343171451569677,0.02499999999999999
20181221,10:17,10:17 AM,3.815,3.81,3.815,4000,15258.5,7,3.82,3.81,3.812,3.812,42654,162585.6252,89,3.815,3.815,3.81,3.82,0.02361148376710493,0.024731182795698827
20181221,10:18,10:18 AM,3.815,3.81,3.815,17800,67904.5,18,3.82,3.81,3.815,3.815,169583,646900.9036,195,3.815,3.815,3.82,3.815,0.02361148376710493,0.025537634408602083
20181221,10:19,10:19 AM,3.815,3.815,3.815,9800,37387,3,3.82,3.81,3.815,3.815,59876,228422.9062,33,3.815,3.815,3.82,3.815,0.02361148376710493,0.025537634408602083
20181221,10:20,10:20 AM,3.815,3.815,3.815,5200,19838,2,3.82,3.81,3.814,3.814,23758,90623.4773,48,3.815,3.815,3.815,3.82,0.02361148376710493,0.025268817204301037
20181221,10:21,10:21 AM,3.81,3.81,3.81,1000,3810,3,3.82,3.81,3.81,3.81,17436,66439.1381,61,3.81,3.81,3.81,3.81,0.022269922189428547,0.024193548387096735
20181221,10:22,10:22 AM,3.8,3.795,3.796,500,1898,2,3.82,3.775,3.799,3.799,101856,386901.4641,136,3.8,3.795,3.81,3.78,0.01851354977193452,0.021236559139784873
20181221,10:23,10:23 AM,3.77,3.765,3.769,3300,12437,9,3.775,3.76,3.769,3.769,153622,579049.1409,288,3.77,3.77,3.775,3.772,0.01126911725248196,0.01317204301075267
20181221,10:24,10:24 AM,-1,-1,-1,0,0,0,3.78,3.77,3.774,3.774,1347,5084.2083,13,,,3.78,3.77,,0.014516129032258017
20181221,10:25,10:25 AM,3.77,3.76,3.762,1200,4514,5,3.81,3.76,3.778,3.778,207235,782876.8592,230,3.77,3.76,3.775,3.775,0.009390931043734946,0.015591397849462318
20181221,10:26,10:26 AM,-1,-1,-1,0,0,0,3.78,3.77,3.774,3.774,29079,109754.1734,49,,,3.775,3.771,,0.014516129032258017
20181221,10:27,10:27 AM,3.77,3.77,3.77,1700,6409,2,3.78,3.77,3.77,3.77,14155,53366.2413,48,3.77,3.77,3.771,3.77,0.011537429568017213,0.013440860215053715
20181221,10:28,10:28 AM,-1,-1,-1,0,0,0,3.789,3.77,3.774,3.774,19481,73520.9933,41,,,3.77,3.78,,0.014516129032258017
20181221,10:29,10:29 AM,3.785,3.775,3.779,9800,37039,23,3.79,3.77,3.781,3.781,116428,440208.1321,234,3.775,3.785,3.78,3.785,0.013952240407834732,0.016397849462365575
20181221,10:30,10:30 AM,3.795,3.79,3.794,900,3415,2,3.8,3.779,3.792,3.792,41423,157093.5883,98,3.79,3.795,3.785,3.795,0.017976925140864013,0.019354838709677316
20181221,10:31,10:31 AM,-1,-1,-1,0,0,0,3.8,3.79,3.795,3.795,4345,16487.4355,8,,,3.795,3.791,,0.020161290322580572
20181221,10:32,10:32 AM,3.795,3.79,3.791,600,2274.5,4,3.8,3.79,3.792,3.792,15099,57264.3334,49,3.795,3.79,3.79,3.8,0.017171988194258133,0.019354838709677316
20181221,10:33,10:33 AM,3.79,3.78,3.786,400,1514.5,4,3.795,3.78,3.787,3.787,14975,56715.3074,80,3.79,3.785,3.79,3.79,0.015830426616581746,0.01801075268817197
20181221,10:34,10:34 AM,3.78,3.78,3.78,5700,21546,10,3.79,3.775,3.784,3.784,279376,1057074.9631,117,3.78,3.78,3.79,3.78,0.014220552723369986,0.017204301075268713
20181221,10:35,10:35 AM,3.785,3.775,3.779,2500,9447.5,4,3.785,3.77,3.779,3.779,62766,237223.6461,76,3.785,3.775,3.785,3.78,0.013952240407834732,0.015860215053763366
20181221,10:36,10:36 AM,3.775,3.775,3.775,800,3020,1,3.784,3.77,3.775,3.775,17863,67435.3273,29,3.775,3.775,3.776,3.775,0.012878991145693599,0.014784946236559062
20181221,10:37,10:37 AM,-1,-1,-1,0,0,0,3.78,3.77,3.775,3.775,2399,9055.6843,18,,,3.77,3.78,,0.014784946236559062
20181221,10:38,10:38 AM,3.785,3.78,3.781,8500,32136.5,12,3.79,3.77,3.782,3.782,102864,389032.4328,181,3.78,3.785,3.775,3.78,0.014488865038905358,0.01666666666666662
20181221,10:39,10:39 AM,3.79,3.79,3.79,700,2653,4,3.79,3.78,3.787,3.787,19146,72514.5426,74,3.79,3.79,3.785,3.78,0.01690367587872288,0.01801075268817197
20181221,10:40,10:40 AM,3.785,3.785,3.785,1400,5299,2,3.79,3.78,3.783,3.783,22137,83749.087,41,3.785,3.785,3.781,3.79,0.015562114301046492,0.016935483870967667
20181221,10:41,10:41 AM,-1,-1,-1,0,0,0,3.79,3.78,3.785,3.785,12443,47093.5864,32,,,3.785,3.785,,0.017473118279569877
20181221,10:42,10:42 AM,-1,-1,-1,0,0,0,3.79,3.78,3.787,3.787,4775,18084.0646,33,,,3.79,3.79,,0.01801075268817197
20181221,10:43,10:43 AM,-1,-1,-1,0,0,0,3.79,3.78,3.788,3.788,14259,54010.0395,38,,,3.79,3.785,,0.018279569892473015
20181221,10:44,10:44 AM,3.785,3.785,3.785,1400,5299,6,3.79,3.78,3.783,3.783,11746,44438.8545,59,3.785,3.785,3.79,3.785,0.015562114301046492,0.016935483870967667
20181221,10:45,10:45 AM,3.785,3.785,3.785,1200,4542,3,3.79,3.78,3.787,3.787,21466,81292.1504,41,3.785,3.785,3.78,3.78,0.015562114301046492,0.01801075268817197
20181221,10:46,10:46 AM,3.785,3.785,3.785,2100,7948.5,6,3.79,3.78,3.784,3.784,12130,45905.0306,66,3.785,3.785,3.79,3.785,0.015562114301046492,0.017204301075268713
20181221,10:47,10:47 AM,3.785,3.785,3.785,1300,4920.5,4,3.79,3.78,3.788,3.788,13642,51669.9825,64,3.785,3.785,3.79,3.785,0.015562114301046492,0.018279569892473015
20181221,10:48,10:48 AM,3.785,3.78,3.785,11800,44660.5,21,3.79,3.78,3.784,3.784,56427,213536.437,122,3.785,3.785,3.79,3.785,0.015562114301046492,0.017204301075268713
20181221,10:49,10:49 AM,3.785,3.775,3.784,14200,53738.5,19,3.79,3.77,3.781,3.781,101403,383405.7183,179,3.78,3.775,3.79,3.775,0.01529380198551112,0.016397849462365575
20181221,10:50,10:50 AM,3.785,3.77,3.776,8000,30207.5,8,3.79,3.77,3.78,3.78,111434,421165.6413,147,3.77,3.785,3.77,3.78,0.013147303461228853,0.01612903225806441
20181221,10:51,10:51 AM,3.785,3.785,3.785,700,2649.5,2,3.79,3.78,3.785,3.785,1065,4031.1289,7,3.785,3.785,3.786,3.78,0.015562114301046492,0.017473118279569877
20181221,10:52,10:52 AM,3.785,3.785,3.785,1747,6612.395,4,3.79,3.78,3.789,3.789,148999,564573.1176,320,3.785,3.785,3.79,3.788,0.015562114301046492,0.01854838709677418
20181221,10:53,10:53 AM,3.785,3.785,3.785,400,1514,1,3.79,3.78,3.79,3.79,135715,514347.3246,57,3.785,3.785,3.78,3.79,0.015562114301046492,0.018817204301075224
20181221,10:54,10:54 AM,3.785,3.785,3.785,1943,7354.255,5,3.79,3.78,3.789,3.789,11475,43477.9229,35,3.785,3.785,3.79,3.78,0.015562114301046492,0.01854838709677418
20181221,10:55,10:55 AM,3.815,3.79,3.805,9700,36913.5,33,3.82,3.78,3.802,3.802,517924,1969346.671,384,3.79,3.805,3.787,3.81,0.02092836061175216,0.022043010752688132
20181221,10:56,10:56 AM,-1,-1,-1,0,0,0,3.81,3.8,3.81,3.81,26891,102448.2417,128,,,3.805,3.81,,0.024193548387096735
20181221,10:57,10:57 AM,3.805,3.805,3.805,300,1141.5,1,3.81,3.805,3.81,3.81,10100,38479.5,64,3.805,3.805,3.81,3.81,0.02092836061175216,0.024193548387096735
20181221,10:58,10:58 AM,3.805,3.805,3.805,400,1522,1,3.81,3.804,3.809,3.809,4179,15918.2014,27,3.805,3.805,3.81,3.81,0.02092836061175216,0.02392473118279569
20181221,10:59,10:59 AM,3.805,3.805,3.805,500,1902.5,2,3.81,3.8,3.808,3.808,7018,26728.5619,30,3.805,3.805,3.81,3.81,0.02092836061175216,0.023655913978494526
20181221,11:00,11 AM,3.805,3.805,3.805,2986,11361.73,7,3.81,3.8,3.807,3.807,96201,366239.8752,206,3.805,3.805,3.81,3.81,0.02092836061175216,0.02338709677419348
20181221,11:01,11:01 AM,3.81,3.805,3.807,1500,5710.5,7,3.81,3.8,3.806,3.806,27746,105610.2612,103,3.81,3.805,3.805,3.81,0.021464985242822664,0.023118279569892434
20181221,11:02,11:02 AM,3.82,3.81,3.814,8700,33178.5,30,3.83,3.8,3.814,3.814,287780,1097487.0858,432,3.81,3.82,3.81,3.82,0.023343171451569677,0.025268817204301037
20181221,11:03,11:03 AM,3.83,3.83,3.83,100,383,1,3.83,3.82,3.828,3.828,80019,306298.8549,179,3.83,3.83,3.825,3.83,0.02763616850013421,0.029032258064516033
20181221,11:04,11:04 AM,3.825,3.825,3.825,4300,16447.5,3,3.83,3.82,3.823,3.823,30740,117517.0664,40,3.825,3.825,3.83,3.825,0.026294606922457824,0.027688172043010686
20181221,11:05,11:05 AM,3.825,3.825,3.825,8100,30982.5,10,3.83,3.814,3.828,3.828,108549,415495.3151,122,3.825,3.825,3.83,3.825,0.026294606922457824,0.029032258064516033
20181221,11:06,11:06 AM,3.825,3.825,3.825,339,1296.675,2,3.83,3.817,3.823,3.823,16420,62780.7014,44,3.825,3.825,3.825,3.825,0.026294606922457824,0.027688172043010686
20181221,11:07,11:07 AM,3.82,3.805,3.816,10700,40836,24,3.83,3.8,3.815,3.815,173039,660196.0035,237,3.82,3.805,3.825,3.81,0.023879796082640185,0.025537634408602083
20181221,11:08,11:08 AM,3.81,3.805,3.807,1599,6086.69,7,3.81,3.8,3.808,3.808,62459,237813.7433,150,3.805,3.81,3.81,3.81,0.021464985242822664,0.023655913978494526
20181221,11:09,11:09 AM,3.81,3.805,3.805,1000,3805.5,3,3.81,3.8,3.806,3.806,12746,48515.1169,45,3.81,3.805,3.81,3.81,0.02092836061175216,0.023118279569892434
20181221,11:10,11:10 AM,3.805,3.805,3.805,2000,7610,6,3.81,3.8,3.803,3.803,18877,71787.57,81,3.805,3.805,3.8,3.81,0.02092836061175216,0.022311827956989175
20181221,11:11,11:11 AM,3.805,3.8,3.803,4400,16735,12,3.81,3.8,3.804,3.804,69383,263943.2248,101,3.805,3.805,3.81,3.8,0.020391735980681534,0.02258064516129022
20181221,11:12,11:12 AM,3.805,3.79,3.797,25300,96056,10,3.81,3.79,3.799,3.799,152665,580005.4188,173,3.805,3.79,3.8,3.79,0.018781862087469892,0.021236559139784873
20181221,11:13,11:13 AM,3.795,3.78,3.791,16700,63302.5,56,3.8,3.78,3.797,3.797,660504,2508176.5627,371,3.795,3.79,3.79,3.785,0.017171988194258133,0.02069892473118278
20181221,11:14,11:14 AM,-1,-1,-1,0,0,0,3.79,3.78,3.785,3.785,38907,147265.1312,15,,,3.79,3.78,,0.017473118279569877
20181221,11:15,11:15 AM,3.805,3.79,3.804,11000,41849,10,3.81,3.785,3.799,3.799,406972,1546226.7847,237,3.79,3.805,3.785,3.81,0.020660048296216784,0.021236559139784873
20181221,11:16,11:16 AM,3.8,3.78,3.787,3212,12165.36,13,3.81,3.78,3.794,3.794,207107,785794.4586,219,3.8,3.785,3.8,3.78,0.016098738932117,0.019892473118279526
20181221,11:17,11:17 AM,-1,-1,-1,0,0,0,3.8,3.78,3.784,3.784,2754,10421.8846,8,,,3.79,3.79,,0.017204301075268713
20181221,11:18,11:18 AM,3.785,3.78,3.781,400,1512.5,2,3.79,3.78,3.785,3.785,17660,66845.4355,59,3.785,3.78,3.78,3.78,0.014488865038905358,0.017473118279569877
20181221,11:19,11:19 AM,3.78,3.78,3.78,100,378,1,3.79,3.78,3.781,3.781,22888,86542.7982,58,3.78,3.78,3.78,3.78,0.014220552723369986,0.016397849462365575
20181221,11:20,11:20 AM,-1,-1,-1,0,0,0,3.796,3.77,3.781,3.781,32295,122123.4005,92,,,3.785,3.77,,0.016397849462365575
20181221,11:21,11:21 AM,3.775,3.77,3.771,400,1508.5,4,3.78,3.77,3.771,3.771,16870,63611.0208,71,3.77,3.775,3.77,3.775,0.011805741883552465,0.013709677419354761
20181221,11:22,11:22 AM,3.775,3.77,3.775,7800,29441.5,14,3.78,3.77,3.776,3.776,124952,471771.2696,261,3.775,3.775,3.77,3.775,0.012878991145693599,0.015053763440860108
20181221,11:23,11:23 AM,3.775,3.77,3.773,700,2641,7,3.78,3.765,3.771,3.771,136822,515917.9039,210,3.77,3.775,3.77,3.775,0.012342366514623093,0.013709677419354761
20181221,11:24,11:24 AM,3.775,3.77,3.772,600,2263.5,6,3.78,3.77,3.77,3.77,13569,51161.2102,52,3.775,3.77,3.775,3.78,0.01207405419908772,0.013440860215053715
20181221,11:25,11:25 AM,3.775,3.765,3.766,950,3577.75,2,3.775,3.76,3.767,3.767,42954,161814.5183,107,3.775,3.765,3.77,3.765,0.01046418030587608,0.01263440860215046
20181221,11:26,11:26 AM,3.76,3.76,3.76,100,376,1,3.77,3.75,3.76,3.76,30417,114359.671,104,3.76,3.76,3.76,3.755,0.00885430641266432,0.0107526881720429
20181221,11:27,11:27 AM,3.755,3.75,3.752,600,2251,3,3.76,3.75,3.75,3.75,60868,228280.325,65,3.75,3.755,3.75,3.76,0.006707807888382053,0.008064516129032206
20181221,11:28,11:28 AM,3.755,3.755,3.755,200,751,2,3.76,3.75,3.751,3.751,37220,139616.1282,60,3.755,3.755,3.75,3.75,0.007512744834987933,0.00833333333333325
20181221,11:29,11:29 AM,3.75,3.74,3.748,16845,63132.92,16,3.76,3.74,3.746,3.746,140809,527414.7952,216,3.75,3.74,3.75,3.74,0.005634558626241039,0.006989247311827903
20181221,11:30,11:30 AM,3.745,3.74,3.745,4700,17600.5,8,3.761,3.74,3.745,3.745,38480,144095.4763,95,3.745,3.74,3.74,3.74,0.004829621679635159,0.0067204301075268575
20181221,11:31,11:31 AM,3.745,3.73,3.74,6800,25434,13,3.75,3.73,3.745,3.745,458045,1715514.5473,375,3.74,3.745,3.74,3.745,0.0034880601019587724,0.0067204301075268575
20181221,11:32,11:32 AM,-1,-1,-1,0,0,0,3.75,3.73,3.74,3.74,17341,64865.0832,35,,,3.75,3.73,,0.00537634408602151
20181221,11:33,11:33 AM,-1,-1,-1,0,0,0,3.74,3.73,3.736,3.736,5299,19800.006,18,,,3.73,3.74,,0.004301075268817208
20181221,11:34,11:34 AM,-1,-1,-1,0,0,0,3.74,3.73,3.732,3.732,1871,6983.3724,16,,,3.732,3.73,,0.003225806451612906
20181221,11:35,11:35 AM,3.73,3.73,3.73,212,790.76,2,3.74,3.73,3.73,3.73,8982,33507.1904,42,3.73,3.73,3.73,3.74,0.0008049369466058797,0.0026881720430106952
20181221,11:36,11:36 AM,3.73,3.73,3.73,500,1865,3,3.74,3.73,3.731,3.731,10442,38964.137,34,3.73,3.73,3.73,3.73,0.0008049369466058797,0.002956989247311741
20181221,11:37,11:37 AM,3.735,3.73,3.731,4400,16417.5,11,3.74,3.72,3.736,3.736,407142,1520914.2198,231,3.73,3.73,3.73,3.74,0.0010732492621411333,0.004301075268817208
20181221,11:38,11:38 AM,3.735,3.73,3.734,600,2240.5,3,3.74,3.73,3.737,3.737,39767,148624.7344,45,3.73,3.735,3.73,3.73,0.001878186208747013,0.004569892473118254
20181221,11:39,11:39 AM,3.73,3.73,3.73,495,1846.35,4,3.74,3.72,3.73,3.73,106651,397814.6529,101,3.73,3.73,3.73,3.73,0.0008049369466058797,0.0026881720430106952
20181221,11:40,11:40 AM,3.72,3.71,3.719,2300,8554,7,3.737,3.7,3.712,3.712,93910,348612.1662,205,3.72,3.71,3.72,3.705,-0.0021464985242822666,-0.002150537634408604
20181221,11:41,11:41 AM,3.71,3.71,3.71,1200,4452,5,3.72,3.7,3.71,3.71,92345,342579.6071,110,3.71,3.71,3.71,3.71,-0.004561309364099786,-0.0026881720430108145
20181221,11:42,11:42 AM,-1,-1,-1,0,0,0,3.72,3.71,3.711,3.711,3420,12691.3423,26,,,3.72,3.715,,-0.002419354838709769
20181221,11:43,11:43 AM,3.71,3.71,3.71,3900,14469,23,3.72,3.7,3.708,3.708,34366,127446.729,106,3.71,3.71,3.71,3.701,-0.004561309364099786,-0.003225806451612906
20181221,11:44,11:44 AM,3.7,3.69,3.692,800,2954,6,3.705,3.69,3.696,3.696,331632,1225818.5698,436,3.7,3.69,3.705,3.705,-0.009390931043734826,-0.006451612903225812
20181221,11:45,11:45 AM,3.705,3.705,3.705,1300,4816.5,1,3.71,3.7,3.703,3.703,10965,40606.0031,26,3.705,3.705,3.7,3.7,-0.005902870941776174,-0.004569892473118373
20181221,11:46,11:46 AM,-1,-1,-1,0,0,0,3.71,3.7,3.702,3.702,4357,16128.6457,23,,,3.7,3.7,,-0.004838709677419418
20181221,11:47,11:47 AM,3.7,3.7,3.7,200,740,2,3.71,3.695,3.7,3.7,25408,94014.0343,69,3.7,3.7,3.705,3.7,-0.00724443251945256,-0.00537634408602151
20181221,11:48,11:48 AM,-1,-1,-1,0,0,0,3.7,3.69,3.693,3.693,6634,24498.0812,28,,,3.695,3.69,,-0.007258064516129068
20181221,11:49,11:49 AM,3.695,3.695,3.695,5900,21800.5,1,3.7,3.69,3.694,3.694,18440,68114.485,25,3.695,3.695,3.69,3.7,-0.008585994097129067,-0.006989247311828022
20181221,11:50,11:50 AM,3.69,3.69,3.69,300,1107,3,3.7,3.69,3.691,3.691,15748,58118.7804,63,3.69,3.69,3.69,3.69,-0.009927555674805452,-0.007795698924731279
20181221,11:51,11:51 AM,3.69,3.685,3.685,4300,15846,8,3.694,3.68,3.687,3.687,264109,973688.2375,199,3.69,3.685,3.69,3.68,-0.01126911725248184,-0.008870967741935581
20181221,11:52,11:52 AM,3.685,3.68,3.685,6600,24320,6,3.69,3.68,3.684,3.684,60509,222943.8727,92,3.685,3.68,3.685,3.68,-0.01126911725248184,-0.009677419354838717
20181221,11:53,11:53 AM,-1,-1,-1,0,0,0,3.69,3.68,3.68,3.68,13590,50015.0425,52,,,3.68,3.68,,-0.01075268817204302
20181221,11:54,11:54 AM,3.68,3.68,3.68,100,368,1,3.69,3.68,3.68,3.68,20038,73740.938,100,3.68,3.68,3.68,3.68,-0.012610678830158227,-0.01075268817204302
20181221,11:55,11:55 AM,-1,-1,-1,0,0,0,3.69,3.67,3.673,3.673,30655,112587.074,87,,,3.68,3.672,,-0.012634408602150577
20181221,11:56,11:56 AM,-1,-1,-1,0,0,0,3.68,3.66,3.669,3.669,14979,54957.1125,78,,,3.67,3.66,,-0.01370967741935488
20181221,11:57,11:57 AM,-1,-1,-1,0,0,0,3.67,3.66,3.661,3.661,19660,71967.5547,50,,,3.665,3.66,,-0.015860215053763484
20181221,11:58,11:58 AM,-1,-1,-1,0,0,0,3.671,3.66,3.667,3.667,31158,114248.5739,46,,,3.665,3.66,,-0.01424731182795709
20181221,11:59,11:59 AM,3.67,3.65,3.661,7900,28924,17,3.67,3.65,3.661,3.661,194815,713293.0299,271,3.65,3.665,3.66,3.666,-0.01770861282532864,-0.015860215053763484
20181221,12:00,12 PM,3.67,3.67,3.67,200,734,2,3.67,3.66,3.667,3.667,43338,158945.4232,72,3.67,3.67,3.67,3.67,-0.01529380198551112,-0.01424731182795709
20181221,12:01,12:01 PM,-1,-1,-1,0,0,0,3.67,3.66,3.665,3.665,3929,14399.0638,15,,,3.66,3.67,,-0.014784946236559182
20181221,12:02,12:02 PM,3.67,3.67,3.67,800,2936,5,3.67,3.66,3.67,3.67,13288,48766.1656,50,3.67,3.67,3.67,3.67,-0.01529380198551112,-0.013440860215053835
20181221,12:03,12:03 PM,-1,-1,-1,0,0,0,3.67,3.66,3.666,3.666,3313,12144.1813,14,,,3.665,3.66,,-0.014516129032258136
20181221,12:04,12:04 PM,-1,-1,-1,0,0,0,3.67,3.66,3.668,3.668,22518,82597.086,35,,,3.67,3.67,,-0.013978494623655925
20181221,12:05,12:05 PM,3.67,3.665,3.669,800,2935.5,6,3.67,3.66,3.667,3.667,10774,39505.3183,61,3.665,3.67,3.66,3.67,-0.015562114301046372,-0.01424731182795709
20181221,12:06,12:06 PM,3.665,3.665,3.665,2800,10262,9,3.67,3.66,3.664,3.664,25376,92986.1842,50,3.665,3.665,3.665,3.67,-0.016635363563187507,-0.015053763440860228
20181221,12:07,12:07 PM,3.665,3.665,3.665,1200,4398,3,3.67,3.66,3.665,3.665,3544,12989.8917,26,3.665,3.665,3.66,3.66,-0.016635363563187507,-0.014784946236559182
20181221,12:08,12:08 PM,3.665,3.665,3.665,300,1099.5,1,3.67,3.66,3.665,3.665,3668,13442.5437,19,3.665,3.665,3.66,3.66,-0.016635363563187507,-0.014784946236559182
20181221,12:09,12:09 PM,3.67,3.665,3.667,800,2934,4,3.67,3.66,3.666,3.666,63263,231933.727,77,3.665,3.665,3.66,3.67,-0.016098738932117,-0.014516129032258136
20181221,12:10,12:10 PM,3.665,3.66,3.66,20400,74668.5,8,3.67,3.66,3.662,3.662,25571,93633.8968,39,3.665,3.665,3.67,3.667,-0.01797692514086389,-0.015591397849462438
20181221,12:11,12:11 PM,3.67,3.67,3.67,500,1835,3,3.67,3.66,3.669,3.669,14043,51529.3766,54,3.67,3.67,3.67,3.67,-0.01529380198551112,-0.01370967741935488
20181221,12:12,12:12 PM,3.67,3.67,3.67,600,2202,4,3.67,3.66,3.669,3.669,3875,14219.0272,27,3.67,3.67,3.67,3.67,-0.01529380198551112,-0.01370967741935488
20181221,12:13,12:13 PM,3.67,3.665,3.668,1250,4584.75,8,3.67,3.665,3.669,3.669,2572,9436.4859,23,3.665,3.665,3.67,3.67,-0.015830426616581628,-0.01370967741935488
20181221,12:14,12:14 PM,3.67,3.665,3.666,700,2566.5,5,3.67,3.66,3.669,3.669,3899,14304.7354,27,3.67,3.67,3.67,3.67,-0.016367051247652253,-0.01370967741935488
20181221,12:15,12:15 PM,3.67,3.665,3.667,2400,8801.5,14,3.67,3.66,3.667,3.667,5207,19094.5122,35,3.67,3.665,3.67,3.67,-0.016098738932117,-0.01424731182795709
20181221,12:16,12:16 PM,3.665,3.665,3.665,200,733,2,3.67,3.66,3.667,3.667,4495,16482.2886,30,3.665,3.665,3.665,3.67,-0.016635363563187507,-0.01424731182795709
20181221,12:17,12:17 PM,3.675,3.665,3.666,8900,32628.5,12,3.68,3.66,3.669,3.669,80210,294309.0524,204,3.665,3.675,3.67,3.674,-0.016367051247652253,-0.01370967741935488
20181221,12:18,12:18 PM,3.68,3.68,3.68,1700,6256,3,3.68,3.67,3.679,3.679,5528,20337.5278,35,3.68,3.68,3.68,3.68,-0.012610678830158227,-0.011021505376344184
20181221,12:19,12:19 PM,-1,-1,-1,0,0,0,3.68,3.67,3.677,3.677,4335,15941.7605,25,,,3.68,3.68,,-0.011559139784946276
20181221,12:20,12:20 PM,3.685,3.68,3.685,2400,8843.5,4,3.69,3.67,3.681,3.681,30642,112795.1133,94,3.68,3.685,3.67,3.69,-0.01126911725248184,-0.010483870967741974
20181221,12:21,12:21 PM,3.685,3.685,3.685,3200,11792,4,3.69,3.68,3.687,3.687,17832,65743.9786,35,3.685,3.685,3.69,3.685,-0.01126911725248184,-0.008870967741935581
20181221,12:22,12:22 PM,3.685,3.685,3.685,2400,8844,4,3.69,3.68,3.686,3.686,11278,41570.27,26,3.685,3.685,3.69,3.69,-0.01126911725248184,-0.009139784946236627
20181221,12:23,12:23 PM,3.685,3.67,3.676,16000,58810.5,28,3.69,3.67,3.678,3.678,152191,559825.7747,199,3.685,3.675,3.68,3.68,-0.01368392809229936,-0.01129032258064523
20181221,12:24,12:24 PM,3.675,3.675,3.675,2100,7717.5,8,3.68,3.67,3.674,3.674,4434,16289.4591,37,3.675,3.675,3.675,3.67,-0.013952240407834732,-0.012365591397849532
20181221,12:25,12:25 PM,3.675,3.665,3.673,4300,15793.5,12,3.68,3.66,3.67,3.67,50667,185949.1368,100,3.675,3.665,3.68,3.665,-0.01448886503890524,-0.013440860215053835
20181221,12:26,12:26 PM,3.665,3.665,3.665,500,1832.5,1,3.67,3.66,3.665,3.665,935,3426.9936,13,3.665,3.665,3.66,3.665,-0.016635363563187507,-0.014784946236559182
20181221,12:27,12:27 PM,3.67,3.665,3.667,2600,9534.5,7,3.67,3.66,3.665,3.665,57553,210957.1872,34,3.67,3.665,3.665,3.665,-0.016098738932117,-0.014784946236559182
20181221,12:28,12:28 PM,3.665,3.665,3.665,1100,4031.5,3,3.67,3.66,3.664,3.664,2229,8168.1612,22,3.665,3.665,3.66,3.66,-0.016635363563187507,-0.015053763440860228
20181221,12:29,12:29 PM,3.67,3.665,3.665,9305,34104.85,21,3.675,3.66,3.663,3.663,29592,108407.8401,93,3.665,3.665,3.664,3.67,-0.016635363563187507,-0.015322580645161392
20181221,12:30,12:30 PM,3.665,3.655,3.663,3200,11723,8,3.665,3.65,3.661,3.661,41552,152109.8012,133,3.66,3.655,3.665,3.66,-0.017171988194258133,-0.015860215053763484
20181221,12:31,12:31 PM,3.66,3.66,3.66,5400,19764,8,3.66,3.65,3.656,3.656,331730,1212842.8926,148,3.66,3.66,3.659,3.655,-0.01797692514086389,-0.01720430107526883
20181221,12:32,12:32 PM,3.655,3.655,3.655,600,2193,2,3.66,3.65,3.652,3.652,3508,12811.2492,13,3.655,3.655,3.65,3.655,-0.0193184867185404,-0.018279569892473133
20181221,12:33,12:33 PM,3.66,3.655,3.659,1200,4391,7,3.66,3.65,3.659,3.659,7727,28276.7542,38,3.655,3.66,3.66,3.66,-0.018245237456399267,-0.016397849462365693
20181221,12:34,12:34 PM,3.655,3.655,3.655,1300,4751.5,5,3.66,3.65,3.659,3.659,14854,54350.0222,27,3.655,3.655,3.655,3.65,-0.0193184867185404,-0.016397849462365693
20181221,12:35,12:35 PM,3.66,3.655,3.658,1300,4755,8,3.66,3.65,3.659,3.659,23480,85907.1153,49,3.66,3.66,3.66,3.65,-0.01851354977193452,-0.016397849462365693
20181221,12:36,12:36 PM,3.655,3.655,3.655,600,2193,2,3.66,3.65,3.655,3.655,1825,6671.2672,20,3.655,3.655,3.66,3.65,-0.0193184867185404,-0.017473118279569995
20181221,12:37,12:37 PM,3.675,3.66,3.668,4000,14673.5,12,3.68,3.66,3.666,3.666,58165,213258.1783,160,3.66,3.675,3.66,3.675,-0.015830426616581628,-0.014516129032258136
20181221,12:38,12:38 PM,3.685,3.68,3.68,11200,41221,77,3.69,3.67,3.68,3.68,136794,503413.8974,332,3.68,3.68,3.675,3.675,-0.012610678830158227,-0.01075268817204302
20181221,12:39,12:39 PM,3.675,3.675,3.675,300,1102.5,1,3.68,3.67,3.676,3.676,2404,8836.6999,21,3.675,3.675,3.67,3.68,-0.013952240407834732,-0.011827956989247322
20181221,12:40,12:40 PM,-1,-1,-1,0,0,0,3.68,3.67,3.671,3.671,6518,23931.1066,28,,,3.67,3.68,,-0.013172043010752789
20181221,12:41,12:41 PM,3.67,3.665,3.669,4986,18291.69,40,3.68,3.66,3.669,3.669,152480,559521.4301,206,3.67,3.665,3.675,3.671,-0.015562114301046372,-0.01370967741935488
20181221,12:42,12:42 PM,3.67,3.67,3.67,1000,3670,5,3.68,3.66,3.671,3.671,28857,105946.2054,110,3.67,3.67,3.665,3.68,-0.01529380198551112,-0.013172043010752789
20181221,12:43,12:43 PM,3.68,3.68,3.68,500,1840,4,3.68,3.67,3.68,3.68,12220,44965.5427,72,3.68,3.68,3.68,3.67,-0.012610678830158227,-0.01075268817204302
20181221,12:44,12:44 PM,3.68,3.68,3.68,100,368,1,3.68,3.67,3.679,3.679,5233,19253.918,37,3.68,3.68,3.68,3.68,-0.012610678830158227,-0.011021505376344184
20181221,12:45,12:45 PM,3.68,3.68,3.68,100,368,1,3.69,3.675,3.68,3.68,15800,58139.8492,39,3.68,3.68,3.68,3.685,-0.012610678830158227,-0.01075268817204302
20181221,12:46,12:46 PM,-1,-1,-1,0,0,0,3.69,3.676,3.684,3.684,12701,46789.7806,38,,,3.68,3.68,,-0.009677419354838717
20181221,12:47,12:47 PM,3.69,3.69,3.69,1500,5535,3,3.7,3.68,3.69,3.69,33319,122951.57,102,3.69,3.69,3.69,3.695,-0.009927555674805452,-0.008064516129032324
20181221,12:48,12:48 PM,-1,-1,-1,0,0,0,3.7,3.69,3.698,3.698,3608,13341.4106,14,,,3.695,3.7,,-0.005913978494623721
20181221,12:49,12:49 PM,3.695,3.69,3.695,40900,151124,16,3.7,3.69,3.695,3.695,97205,359158.9897,85,3.695,3.695,3.69,3.7,-0.008585994097129067,-0.006720430107526977
20181221,12:50,12:50 PM,3.695,3.685,3.689,8600,31727,11,3.7,3.67,3.687,3.687,89565,330196.2048,105,3.695,3.685,3.69,3.68,-0.010195867990340706,-0.008870967741935581
20181221,12:51,12:51 PM,-1,-1,-1,0,0,0,3.68,3.67,3.675,3.675,3232,11878.6372,13,,,3.675,3.675,,-0.012096774193548487
20181221,12:52,12:52 PM,-1,-1,-1,0,0,0,3.688,3.675,3.682,3.682,919,3383.7681,7,,,3.675,3.68,,-0.010215053763440929
20181221,12:53,12:53 PM,-1,-1,-1,0,0,0,3.68,3.67,3.676,3.676,3078,11313.5279,17,,,3.675,3.68,,-0.011827956989247322
20181221,12:54,12:54 PM,3.675,3.665,3.672,9800,35986,20,3.68,3.665,3.67,3.67,110877,406881.0721,171,3.675,3.665,3.675,3.665,-0.014757177354440492,-0.013440860215053835
20181221,12:55,12:55 PM,3.665,3.665,3.665,7056,25860.24,8,3.67,3.66,3.665,3.665,27363,100292.9626,52,3.665,3.665,3.665,3.669,-0.016635363563187507,-0.014784946236559182
20181221,12:56,12:56 PM,3.665,3.665,3.665,700,2565.5,3,3.67,3.66,3.665,3.665,6619,24260.7213,27,3.665,3.665,3.66,3.665,-0.016635363563187507,-0.014784946236559182
20181221,12:57,12:57 PM,3.665,3.665,3.665,1600,5864,7,3.67,3.66,3.663,3.663,10179,37288.4387,46,3.665,3.665,3.665,3.665,-0.016635363563187507,-0.015322580645161392
20181221,12:58,12:58 PM,-1,-1,-1,0,0,0,3.67,3.66,3.665,3.665,1008,3694.2913,10,,,3.665,3.66,,-0.014784946236559182
20181221,12:59,12:59 PM,-1,-1,-1,0,0,0,3.67,3.66,3.664,3.664,1114,4081.26,14,,,3.665,3.66,,-0.015053763440860228
20181221,13:00,1 PM,3.665,3.665,3.665,500,1832.5,3,3.67,3.66,3.668,3.668,16058,58901.5236,58,3.665,3.665,3.66,3.665,-0.016635363563187507,-0.013978494623655925
20181221,13:01,1:01 PM,3.665,3.665,3.665,100,366.5,1,3.67,3.66,3.668,3.668,2438,8943.2779,23,3.665,3.665,3.67,3.67,-0.016635363563187507,-0.013978494623655925
20181221,13:02,1:02 PM,3.68,3.665,3.671,6647,24403.725,16,3.68,3.665,3.671,3.671,58867,216119.765,192,3.665,3.68,3.67,3.68,-0.015025489669975866,-0.013172043010752789
20181221,13:03,1:03 PM,3.68,3.675,3.677,1200,4412.5,6,3.68,3.67,3.678,3.678,13500,49653.0113,45,3.68,3.675,3.67,3.675,-0.013415615776764107,-0.01129032258064523
20181221,13:04,1:04 PM,3.68,3.68,3.68,600,2208,3,3.68,3.67,3.679,3.679,4603,16937.0101,26,3.68,3.68,3.68,3.675,-0.012610678830158227,-0.011021505376344184
20181221,13:05,1:05 PM,3.675,3.675,3.675,1700,6247.5,3,3.68,3.67,3.676,3.676,12087,44435.8102,53,3.675,3.675,3.68,3.675,-0.013952240407834732,-0.011827956989247322
20181221,13:06,1:06 PM,-1,-1,-1,0,0,0,3.68,3.67,3.678,3.678,9302,34212.5573,21,,,3.68,3.675,,-0.01129032258064523
20181221,13:07,1:07 PM,3.675,3.665,3.672,7400,27173.5,17,3.68,3.66,3.669,3.669,70573,258953.6306,137,3.675,3.665,3.675,3.67,-0.014757177354440492,-0.01370967741935488
20181221,13:08,1:08 PM,-1,-1,-1,0,0,0,3.67,3.66,3.668,3.668,4607,16897.6498,74,,,3.66,3.665,,-0.013978494623655925
20181221,13:09,1:09 PM,-1,-1,-1,0,0,0,3.67,3.66,3.667,3.667,2452,8992.1952,24,,,3.67,3.67,,-0.01424731182795709
20181221,13:10,1:10 PM,3.67,3.67,3.67,700,2569,3,3.68,3.66,3.671,3.671,31873,117006.8106,96,3.67,3.67,3.67,3.68,-0.01529380198551112,-0.013172043010752789
20181221,13:11,1:11 PM,-1,-1,-1,0,0,0,3.68,3.67,3.676,3.676,1104,4058.2304,7,,,3.675,3.677,,-0.011827956989247322
20181221,13:12,1:12 PM,3.68,3.68,3.68,600,2208,1,3.68,3.67,3.679,3.679,11410,41977.799,29,3.68,3.68,3.675,3.68,-0.012610678830158227,-0.011021505376344184
20181221,13:13,1:13 PM,-1,-1,-1,0,0,0,3.68,3.67,3.679,3.679,2907,10694.3909,18,,,3.68,3.68,,-0.011021505376344184
20181221,13:14,1:14 PM,3.68,3.68,3.68,100,368,1,3.68,3.67,3.677,3.677,3922,14421.448,22,3.68,3.68,3.67,3.68,-0.012610678830158227,-0.011559139784946276
20181221,13:15,1:15 PM,-1,-1,-1,0,0,0,3.68,3.67,3.677,3.677,7312,26889.1089,28,,,3.67,3.68,,-0.011559139784946276
20181221,13:16,1:16 PM,-1,-1,-1,0,0,0,3.68,3.67,3.674,3.674,1353,4971.24,13,,,3.68,3.67,,-0.012365591397849532
20181221,13:17,1:17 PM,3.675,3.675,3.675,2300,8452.5,3,3.68,3.67,3.675,3.675,23128,84995.8539,35,3.675,3.675,3.68,3.675,-0.013952240407834732,-0.012096774193548487
20181221,13:18,1:18 PM,-1,-1,-1,0,0,0,3.68,3.67,3.677,3.677,6044,22226.025,19,,,3.68,3.68,,-0.011559139784946276
20181221,13:19,1:19 PM,-1,-1,-1,0,0,0,3.68,3.67,3.675,3.675,12377,45486.3327,17,,,3.68,3.68,,-0.012096774193548487
20181221,13:20,1:20 PM,3.675,3.675,3.675,200,735,2,3.68,3.67,3.676,3.676,3226,11860.423,23,3.675,3.675,3.68,3.675,-0.013952240407834732,-0.011827956989247322
20181221,13:21,1:21 PM,3.675,3.675,3.675,700,2572.5,4,3.68,3.67,3.674,3.674,6595,24230.5237,37,3.675,3.675,3.67,3.68,-0.013952240407834732,-0.012365591397849532
20181221,13:22,1:22 PM,3.675,3.67,3.674,3100,11389,10,3.68,3.67,3.673,3.673,10288,37788.0986,45,3.675,3.675,3.67,3.68,-0.014220552723369986,-0.012634408602150577
20181221,13:23,1:23 PM,3.675,3.675,3.675,300,1102.5,1,3.68,3.674,3.678,3.678,3117,11462.9575,30,3.675,3.675,3.68,3.68,-0.013952240407834732,-0.01129032258064523
20181221,13:24,1:24 PM,-1,-1,-1,0,0,0,3.68,3.67,3.676,3.676,2357,8665.3617,17,,,3.67,3.68,,-0.011827956989247322
20181221,13:25,1:25 PM,3.68,3.68,3.68,1900,6992,6,3.69,3.67,3.68,3.68,36759,135282.4354,133,3.68,3.68,3.68,3.68,-0.012610678830158227,-0.01075268817204302
20181221,13:26,1:26 PM,-1,-1,-1,0,0,0,3.69,3.68,3.684,3.684,2125,7829.6038,16,,,3.69,3.685,,-0.009677419354838717
20181221,13:27,1:27 PM,-1,-1,-1,0,0,0,3.69,3.68,3.686,3.686,1416,5219.539,14,,,3.69,3.69,,-0.009139784946236627
20181221,13:28,1:28 PM,3.685,3.675,3.676,6600,24261,14,3.69,3.67,3.679,3.679,87185,320762.5036,118,3.685,3.675,3.685,3.674,-0.01368392809229936,-0.011021505376344184
20181221,13:29,1:29 PM,3.675,3.675,3.675,400,1470,1,3.68,3.67,3.673,3.673,1811,6652.4193,15,3.675,3.675,3.67,3.67,-0.013952240407834732,-0.012634408602150577
20181221,13:30,1:30 PM,3.675,3.675,3.675,200,735,1,3.68,3.67,3.672,3.672,2753,10110.6291,18,3.675,3.675,3.67,3.67,-0.013952240407834732,-0.012903225806451623
20181221,13:31,1:31 PM,3.675,3.675,3.675,400,1470,1,3.68,3.67,3.674,3.674,1336,4908.4937,11,3.675,3.675,3.67,3.68,-0.013952240407834732,-0.012365591397849532
20181221,13:32,1:32 PM,-1,-1,-1,0,0,0,3.68,3.67,3.678,3.678,21832,80301.7178,19,,,3.675,3.67,,-0.01129032258064523
20181221,13:33,1:33 PM,3.675,3.675,3.675,400,1470,2,3.68,3.67,3.676,3.676,11152,40997.4454,19,3.675,3.675,3.675,3.675,-0.013952240407834732,-0.011827956989247322
20181221,13:34,1:34 PM,3.675,3.675,3.675,400,1470,2,3.68,3.67,3.674,3.674,1168,4291.2237,12,3.675,3.675,3.67,3.675,-0.013952240407834732,-0.012365591397849532
20181221,13:35,1:35 PM,3.675,3.675,3.675,300,1102.5,2,3.68,3.67,3.676,3.676,2007,7377.6711,15,3.675,3.675,3.675,3.67,-0.013952240407834732,-0.011827956989247322
20181221,13:36,1:36 PM,3.675,3.675,3.675,300,1102.5,3,3.68,3.67,3.674,3.674,2309,8483.66,17,3.675,3.675,3.68,3.68,-0.013952240407834732,-0.012365591397849532
20181221,13:37,1:37 PM,3.675,3.675,3.675,300,1102.5,3,3.68,3.67,3.675,3.675,3723,13680.5813,20,3.675,3.675,3.67,3.67,-0.013952240407834732,-0.012096774193548487
20181221,13:38,1:38 PM,3.675,3.675,3.675,4200,15435,8,3.676,3.67,3.675,3.675,24295,89283.026,58,3.675,3.675,3.675,3.675,-0.013952240407834732,-0.012096774193548487
20181221,13:39,1:39 PM,3.675,3.675,3.675,100,367.5,1,3.68,3.67,3.673,3.673,1307,4801.2486,15,3.675,3.675,3.67,3.67,-0.013952240407834732,-0.012634408602150577
20181221,13:40,1:40 PM,3.675,3.675,3.675,400,1470,4,3.68,3.67,3.673,3.673,3956,14532.0661,29,3.675,3.675,3.675,3.67,-0.013952240407834732,-0.012634408602150577
20181221,13:41,1:41 PM,3.675,3.675,3.675,800,2940,4,3.68,3.67,3.676,3.676,3023,11113.0236,25,3.675,3.675,3.67,3.675,-0.013952240407834732,-0.011827956989247322
20181221,13:42,1:42 PM,3.675,3.675,3.675,300,1102.5,3,3.68,3.67,3.673,3.673,4210,15464.7784,28,3.675,3.675,3.68,3.67,-0.013952240407834732,-0.012634408602150577
20181221,13:43,1:43 PM,3.675,3.675,3.675,700,2572.5,4,3.68,3.67,3.673,3.673,5525,20293.0996,25,3.675,3.675,3.68,3.675,-0.013952240407834732,-0.012634408602150577
20181221,13:44,1:44 PM,3.675,3.675,3.675,900,3307.5,6,3.68,3.67,3.674,3.674,5101,18742.5599,25,3.675,3.675,3.675,3.675,-0.013952240407834732,-0.012365591397849532
20181221,13:45,1:45 PM,3.675,3.675,3.675,100,367.5,1,3.68,3.67,3.674,3.674,1429,5250.7349,15,3.675,3.675,3.67,3.675,-0.013952240407834732,-0.012365591397849532
20181221,13:46,1:46 PM,3.675,3.675,3.675,300,1102.5,3,3.68,3.67,3.675,3.675,3178,11678.777,24,3.675,3.675,3.675,3.675,-0.013952240407834732,-0.012096774193548487
20181221,13:47,1:47 PM,3.675,3.675,3.675,6900,25357.5,4,3.68,3.67,3.674,3.674,17022,62535.2997,41,3.675,3.675,3.675,3.675,-0.013952240407834732,-0.012365591397849532
20181221,13:48,1:48 PM,3.675,3.665,3.673,12600,46284,24,3.675,3.66,3.671,3.671,116579,427903.6465,159,3.675,3.665,3.675,3.665,-0.01448886503890524,-0.013172043010752789
20181221,13:49,1:49 PM,3.665,3.665,3.665,30515,111837.475,4,3.67,3.66,3.665,3.665,48726,178594.3251,33,3.665,3.665,3.665,3.665,-0.016635363563187507,-0.014784946236559182
20181221,13:50,1:50 PM,-1,-1,-1,0,0,0,3.67,3.66,3.668,3.668,2442,8956.3934,16,,,3.665,3.67,,-0.013978494623655925
20181221,13:51,1:51 PM,3.67,3.67,3.67,14800,54316,21,3.68,3.66,3.67,3.67,203704,747631.9029,319,3.67,3.67,3.67,3.679,-0.01529380198551112,-0.013440860215053835
20181221,13:52,1:52 PM,-1,-1,-1,0,0,0,3.68,3.67,3.675,3.675,5470,20103.817,20,,,3.675,3.68,,-0.012096774193548487
20181221,13:53,1:53 PM,-1,-1,-1,0,0,0,3.68,3.67,3.672,3.672,3216,11809.7697,17,,,3.67,3.67,,-0.012903225806451623
20181221,13:54,1:54 PM,3.67,3.665,3.666,9788,35883.52,14,3.68,3.66,3.669,3.669,124162,455509.6445,152,3.67,3.665,3.68,3.67,-0.016367051247652253,-0.01370967741935488
20181221,13:55,1:55 PM,3.665,3.665,3.665,100,366.5,1,3.67,3.66,3.667,3.667,3081,11299.363,19,3.665,3.665,3.66,3.66,-0.016635363563187507,-0.01424731182795709
20181221,13:56,1:56 PM,-1,-1,-1,0,0,0,3.67,3.66,3.666,3.666,7561,27717.7014,24,,,3.67,3.67,,-0.014516129032258136
20181221,13:57,1:57 PM,-1,-1,-1,0,0,0,3.67,3.66,3.666,3.666,2913,10678.1888,27,,,3.67,3.66,,-0.014516129032258136
20181221,13:58,1:58 PM,-1,-1,-1,0,0,0,3.67,3.66,3.667,3.667,2504,9182.1598,18,,,3.67,3.665,,-0.01424731182795709
20181221,13:59,1:59 PM,3.665,3.665,3.665,7800,28587,5,3.67,3.66,3.665,3.665,27401,100427.1101,30,3.665,3.665,3.66,3.665,-0.016635363563187507,-0.014784946236559182
20181221,14:00,2 PM,3.665,3.665,3.665,1500,5497.5,1,3.67,3.66,3.664,3.664,4635,16982.5325,27,3.665,3.665,3.665,3.67,-0.016635363563187507,-0.015053763440860228
20181221,14:01,2:01 PM,-1,-1,-1,0,0,0,3.67,3.66,3.663,3.663,5520,20222.6541,24,,,3.66,3.665,,-0.015322580645161392
20181221,14:02,2:02 PM,-1,-1,-1,0,0,0,3.67,3.66,3.664,3.664,13622,49916.6173,29,,,3.67,3.665,,-0.015053763440860228
20181221,14:03,2:03 PM,-1,-1,-1,0,0,0,3.67,3.66,3.666,3.666,1901,6968.1601,18,,,3.66,3.665,,-0.014516129032258136
20181221,14:04,2:04 PM,3.665,3.665,3.665,1500,5497.5,1,3.67,3.66,3.664,3.664,5302,19429.33,18,3.665,3.665,3.665,3.665,-0.016635363563187507,-0.015053763440860228
20181221,14:05,2:05 PM,-1,-1,-1,0,0,0,3.67,3.66,3.664,3.664,2242,8214.0799,17,,,3.665,3.665,,-0.015053763440860228
20181221,14:06,2:06 PM,-1,-1,-1,0,0,0,3.67,3.66,3.664,3.664,3414,12509.8174,18,,,3.67,3.665,,-0.015053763440860228
20181221,14:07,2:07 PM,-1,-1,-1,0,0,0,3.67,3.66,3.664,3.664,2402,8801.33,20,,,3.665,3.66,,-0.015053763440860228
20181221,14:08,2:08 PM,3.665,3.665,3.665,569,2085.385,2,3.67,3.66,3.665,3.665,4632,16975.082,15,3.665,3.665,3.66,3.665,-0.016635363563187507,-0.014784946236559182
20181221,14:09,2:09 PM,-1,-1,-1,0,0,0,3.67,3.66,3.665,3.665,3256,11932.7694,13,,,3.66,3.67,,-0.014784946236559182
20181221,14:10,2:10 PM,3.665,3.665,3.665,700,2565.5,1,3.67,3.66,3.664,3.664,2507,9185.8743,18,3.665,3.665,3.665,3.66,-0.016635363563187507,-0.015053763440860228
20181221,14:11,2:11 PM,3.67,3.67,3.67,4675,17157.25,10,3.67,3.66,3.669,3.669,61718,226443.8899,111,3.67,3.67,3.665,3.66,-0.01529380198551112,-0.01370967741935488
20181221,14:12,2:12 PM,3.665,3.655,3.659,15600,57083,22,3.668,3.65,3.659,3.659,126413,462599.8809,177,3.665,3.655,3.665,3.65,-0.018245237456399267,-0.016397849462365693
20181221,14:13,2:13 PM,3.655,3.655,3.655,1728,6315.84,9,3.66,3.65,3.651,3.651,21783,79535.6486,91,3.655,3.655,3.655,3.655,-0.0193184867185404,-0.0185483870967743
20181221,14:14,2:14 PM,3.655,3.655,3.655,600,2193,2,3.66,3.65,3.654,3.654,6679,24402.3599,27,3.655,3.655,3.655,3.655,-0.0193184867185404,-0.01774193548387104
20181221,14:15,2:15 PM,3.655,3.655,3.655,300,1096.5,1,3.655,3.65,3.653,3.653,4345,15872.0436,21,3.655,3.655,3.655,3.65,-0.0193184867185404,-0.018010752688172087
20181221,14:16,2:16 PM,3.655,3.655,3.655,100,365.5,1,3.66,3.65,3.655,3.655,3826,13985.6256,21,3.655,3.655,3.66,3.655,-0.0193184867185404,-0.017473118279569995
20181221,14:17,2:17 PM,3.655,3.655,3.655,500,1827.5,1,3.661,3.65,3.654,3.654,4868,17789.6998,20,3.655,3.655,3.655,3.655,-0.0193184867185404,-0.01774193548387104
20181221,14:18,2:18 PM,3.655,3.655,3.655,6800,24854,3,3.656,3.65,3.655,3.655,34179,124918.3973,32,3.655,3.655,3.653,3.656,-0.0193184867185404,-0.017473118279569995
20181221,14:19,2:19 PM,-1,-1,-1,0,0,0,3.66,3.65,3.655,3.655,25954,94860.095,11,,,3.66,3.65,,-0.017473118279569995
20181221,14:20,2:20 PM,-1,-1,-1,0,0,0,3.66,3.65,3.654,3.654,5507,20123.3991,31,,,3.65,3.66,,-0.01774193548387104
20181221,14:21,2:21 PM,-1,-1,-1,0,0,0,3.66,3.65,3.653,3.653,3000,10958,19,,,3.655,3.66,,-0.018010752688172087
20181221,14:22,2:22 PM,-1,-1,-1,0,0,0,3.66,3.65,3.652,3.652,3711,13551.899,22,,,3.655,3.65,,-0.018279569892473133
20181221,14:23,2:23 PM,3.655,3.655,3.655,1400,5117,2,3.66,3.65,3.654,3.654,7126,26040.1076,25,3.655,3.655,3.655,3.655,-0.0193184867185404,-0.01774193548387104
20181221,14:24,2:24 PM,3.655,3.65,3.651,39800,145329,35,3.66,3.64,3.65,3.65,353979,1292117.9451,505,3.65,3.65,3.65,3.66,-0.020391735980681534,-0.018817204301075346
20181221,14:25,2:25 PM,3.65,3.65,3.65,300,1095,1,3.66,3.65,3.65,3.65,1169,4266.8762,13,3.65,3.65,3.66,3.65,-0.020660048296216784,-0.018817204301075346
20181221,14:26,2:26 PM,3.655,3.645,3.648,1500,5472,4,3.66,3.64,3.649,3.649,75513,275540.5501,90,3.655,3.645,3.655,3.64,-0.021196672927287292,-0.019086021505376388
20181221,14:27,2:27 PM,3.64,3.64,3.64,100,364,1,3.65,3.64,3.642,3.642,1852,6745.0848,10,3.64,3.64,3.64,3.65,-0.02334317145156956,-0.02096774193548395
20181221,14:28,2:28 PM,3.63,3.63,3.63,100,363,2,3.65,3.63,3.636,3.636,18695,67985.7187,48,3.63,3.63,3.64,3.65,-0.02602629460692245,-0.022580645161290342
20181221,14:29,2:29 PM,3.63,3.63,3.63,900,3267,4,3.64,3.63,3.631,3.631,1441,5232.1952,13,3.63,3.63,3.63,3.635,-0.02602629460692245,-0.023924731182795807
20181221,14:30,2:30 PM,3.63,3.63,3.63,600,2178,5,3.64,3.63,3.631,3.631,3206,11641.3394,19,3.63,3.63,3.63,3.635,-0.02602629460692245,-0.023924731182795807
20181221,14:31,2:31 PM,3.63,3.63,3.63,800,2904,5,3.64,3.63,3.631,3.631,2276,8263.8849,22,3.63,3.63,3.63,3.64,-0.02602629460692245,-0.023924731182795807
20181221,14:32,2:32 PM,3.63,3.63,3.63,200,726,1,3.64,3.63,3.631,3.631,3868,14046.4512,21,3.63,3.63,3.63,3.63,-0.02602629460692245,-0.023924731182795807
20181221,14:33,2:33 PM,3.63,3.63,3.63,200,726,1,3.635,3.62,3.627,3.627,9413,34142.6801,38,3.63,3.63,3.63,3.62,-0.02602629460692245,-0.02500000000000011
20181221,14:34,2:34 PM,3.62,3.62,3.62,100,362,1,3.648,3.62,3.625,3.625,3360,12178.7993,16,3.62,3.62,3.62,3.62,-0.028709417762275227,-0.0255376344086022
20181221,14:35,2:35 PM,3.62,3.62,3.62,200,724,2,3.63,3.62,3.624,3.624,1827,6621.1823,15,3.62,3.62,3.63,3.62,-0.028709417762275227,-0.025806451612903247
20181221,14:36,2:36 PM,-1,-1,-1,0,0,0,3.63,3.62,3.622,3.622,2322,8411.171,12,,,3.625,3.63,,-0.026344086021505456
20181221,14:37,2:37 PM,3.62,3.62,3.62,800,2896,5,3.63,3.62,3.621,3.621,4708,17047.9536,32,3.62,3.62,3.62,3.625,-0.028709417762275227,-0.026612903225806502
20181221,14:38,2:38 PM,3.62,3.615,3.616,2500,9040,5,3.625,3.61,3.618,3.618,41943,151759.0234,57,3.62,3.615,3.62,3.615,-0.02978266702441636,-0.02741935483870976
20181221,14:39,2:39 PM,-1,-1,-1,0,0,0,3.62,3.61,3.619,3.619,10654,38562.4652,10,,,3.61,3.615,,-0.027150537634408594
20181221,14:40,2:40 PM,-1,-1,-1,0,0,0,3.62,3.61,3.615,3.615,11501,41574.5279,21,,,3.619,3.61,,-0.028225806451612896
20181221,14:41,2:41 PM,3.615,3.615,3.615,4200,15183,11,3.62,3.61,3.615,3.615,146334,528989.6728,44,3.615,3.615,3.62,3.61,-0.030050979339951614,-0.028225806451612896
20181221,14:42,2:42 PM,3.61,3.61,3.61,300,1083,3,3.62,3.61,3.613,3.613,4102,14822.2498,22,3.61,3.61,3.615,3.61,-0.031392540917628116,-0.02876344086021511
20181221,14:43,2:43 PM,3.61,3.61,3.61,300,1083,1,3.62,3.61,3.612,3.612,2397,8659.0117,15,3.61,3.61,3.61,3.61,-0.031392540917628116,-0.029032258064516155
20181221,14:44,2:44 PM,3.615,3.61,3.613,3500,12644.5,8,3.62,3.61,3.611,3.611,58471,211161.8259,110,3.61,3.615,3.615,3.612,-0.03058760397102224,-0.0293010752688172
20181221,14:45,2:45 PM,-1,-1,-1,0,0,0,3.62,3.61,3.615,3.615,2603,9408.67,11,,,3.62,3.62,,-0.028225806451612896
20181221,14:46,2:46 PM,3.615,3.615,3.615,600,2169,3,3.615,3.61,3.615,3.615,4472,16165.3672,17,3.615,3.615,3.61,3.61,-0.030050979339951614,-0.028225806451612896
20181221,14:47,2:47 PM,-1,-1,-1,0,0,0,3.615,3.61,3.614,3.614,3350,12107.56,9,,,3.615,3.61,,-0.028494623655914063
20181221,14:48,2:48 PM,3.615,3.615,3.615,600,2169,2,3.62,3.61,3.612,3.612,3905,14105.7654,21,3.615,3.615,3.615,3.61,-0.030050979339951614,-0.029032258064516155
20181221,14:49,2:49 PM,-1,-1,-1,0,0,0,3.62,3.61,3.615,3.615,2082,7525.9986,8,,,3.61,3.615,,-0.028225806451612896
20181221,14:50,2:50 PM,3.625,3.615,3.619,12330,44616.25,13,3.63,3.61,3.619,3.619,159412,576977.245,271,3.615,3.625,3.615,3.63,-0.02897773007781048,-0.027150537634408594
20181221,14:51,2:51 PM,3.625,3.625,3.625,3700,13412.5,3,3.63,3.62,3.627,3.627,37771,136980.0366,60,3.625,3.625,3.63,3.625,-0.02736785618459884,-0.02500000000000011
20181221,14:52,2:52 PM,3.64,3.625,3.634,19009,69083.215,31,3.64,3.625,3.634,3.634,240465,873867.27,235,3.625,3.635,3.625,3.635,-0.024953045344781318,-0.023118279569892552
20181221,14:53,2:53 PM,3.635,3.63,3.635,4000,14538,5,3.64,3.63,3.635,3.635,11325,41162.735,26,3.635,3.63,3.64,3.64,-0.024684733029246064,-0.022849462365591506
20181221,14:54,2:54 PM,3.63,3.63,3.63,900,3267,5,3.64,3.628,3.632,3.632,4888,17754.5189,32,3.63,3.63,3.635,3.635,-0.02602629460692245,-0.023655913978494644
20181221,14:55,2:55 PM,3.625,3.625,3.625,3200,11600,4,3.63,3.62,3.628,3.628,41540,150727.4249,67,3.625,3.625,3.63,3.63,-0.02736785618459884,-0.024731182795698945
20181221,14:56,2:56 PM,3.625,3.62,3.622,1423,5154.76,7,3.63,3.61,3.621,3.621,21466,77723.219,58,3.625,3.62,3.625,3.61,-0.02817279313120472,-0.026612903225806502
20181221,14:57,2:57 PM,-1,-1,-1,0,0,0,3.62,3.61,3.614,3.614,5490,19842.8503,23,,,3.615,3.61,,-0.028494623655914063
20181221,14:58,2:58 PM,3.61,3.61,3.61,200,722,1,3.624,3.61,3.612,3.612,11901,42986.5499,22,3.61,3.61,3.61,3.61,-0.031392540917628116,-0.029032258064516155
20181221,14:59,2:59 PM,-1,-1,-1,0,0,0,3.62,3.61,3.614,3.614,4806,17371.2189,20,,,3.61,3.615,,-0.028494623655914063
20181221,15:00,3 PM,-1,-1,-1,0,0,0,3.616,3.61,3.615,3.615,35845,129574.3602,33,,,3.615,3.615,,-0.028225806451612896
20181221,15:01,3:01 PM,3.615,3.615,3.615,1100,3976.5,3,3.62,3.61,3.615,3.615,46095,166628.5846,28,3.615,3.615,3.62,3.62,-0.030050979339951614,-0.028225806451612896
20181221,15:02,3:02 PM,3.615,3.615,3.615,200,723,2,3.62,3.61,3.613,3.613,3023,10921.6781,23,3.615,3.615,3.62,3.61,-0.030050979339951614,-0.02876344086021511
20181221,15:03,3:03 PM,3.615,3.615,3.615,200,723,2,3.62,3.61,3.614,3.614,2400,8673.54,19,3.615,3.615,3.615,3.62,-0.030050979339951614,-0.028494623655914063
20181221,15:04,3:04 PM,-1,-1,-1,0,0,0,3.62,3.61,3.615,3.615,28690,103711.9108,20,,,3.61,3.615,,-0.028225806451612896
20181221,15:05,3:05 PM,-1,-1,-1,0,0,0,3.62,3.61,3.614,3.614,8992,32500.6784,39,,,3.615,3.615,,-0.028494623655914063
20181221,15:06,3:06 PM,3.615,3.615,3.615,400,1446,3,3.62,3.61,3.613,3.613,7376,26648.7394,41,3.615,3.615,3.615,3.615,-0.030050979339951614,-0.02876344086021511
20181221,15:07,3:07 PM,3.615,3.615,3.615,700,2530.5,3,3.62,3.61,3.611,3.611,6914,24964.6798,37,3.615,3.615,3.61,3.611,-0.030050979339951614,-0.0293010752688172
20181221,15:08,3:08 PM,3.615,3.615,3.615,800,2892,6,3.62,3.61,3.615,3.615,186888,675589.1688,44,3.615,3.615,3.615,3.615,-0.030050979339951614,-0.028225806451612896
20181221,15:09,3:09 PM,3.615,3.615,3.615,1200,4338,7,3.62,3.61,3.615,3.615,29242,105725.3564,34,3.615,3.615,3.61,3.615,-0.030050979339951614,-0.028225806451612896
20181221,15:10,3:10 PM,-1,-1,-1,0,0,0,3.62,3.61,3.611,3.611,7665,27679.8282,19,,,3.62,3.615,,-0.0293010752688172
20181221,15:11,3:11 PM,3.615,3.615,3.615,1000,3615,2,3.62,3.61,3.613,3.613,4982,18000.1076,22,3.615,3.615,3.615,3.615,-0.030050979339951614,-0.02876344086021511
20181221,15:12,3:12 PM,3.615,3.615,3.615,100,361.5,1,3.615,3.61,3.612,3.612,6400,23114.65,24,3.615,3.615,3.615,3.61,-0.030050979339951614,-0.029032258064516155
20181221,15:13,3:13 PM,3.615,3.615,3.615,100,361.5,1,3.62,3.61,3.615,3.615,12461,45045.0346,35,3.615,3.615,3.61,3.617,-0.030050979339951614,-0.028225806451612896
20181221,15:14,3:14 PM,3.61,3.605,3.609,3600,12993,10,3.62,3.6,3.609,3.609,145998,526872.782,196,3.61,3.605,3.62,3.6,-0.03166085323316337,-0.02983870967741941
20181221,15:15,3:15 PM,3.605,3.605,3.605,4100,14780.5,4,3.61,3.6,3.604,3.604,73767,265857.4397,31,3.605,3.605,3.605,3.605,-0.03273410249530451,-0.031182795698924758
20181221,15:16,3:16 PM,3.6,3.6,3.6,3800,13680,10,3.61,3.59,3.601,3.601,130294,469148.925,244,3.6,3.6,3.605,3.59,-0.03407566407298089,-0.03198924731182801
20181221,15:17,3:17 PM,3.595,3.59,3.595,11800,42416,6,3.595,3.59,3.594,3.594,31401,112841.0754,37,3.59,3.595,3.59,3.59,-0.03541722565065728,-0.03387096774193557
20181221,15:18,3:18 PM,3.595,3.59,3.594,8200,29470.5,7,3.603,3.59,3.594,3.594,21540,77412.1104,39,3.59,3.59,3.59,3.603,-0.03568553796619265,-0.03387096774193557
20181221,15:19,3:19 PM,3.595,3.595,3.595,1200,4314,4,3.6,3.59,3.594,3.594,10668,38337.1609,49,3.595,3.595,3.595,3.595,-0.03541722565065728,-0.03387096774193557
20181221,15:20,3:20 PM,3.605,3.595,3.599,14300,51470.5,15,3.605,3.59,3.597,3.597,301952,1086032.199,179,3.595,3.605,3.595,3.605,-0.03434397638851615,-0.033064516129032315
20181221,15:21,3:21 PM,-1,-1,-1,0,0,0,3.61,3.6,3.605,3.605,12575,45334.9048,34,,,3.605,3.61,,-0.03091397849462371
20181221,15:22,3:22 PM,-1,-1,-1,0,0,0,3.61,3.6,3.606,3.606,1835,6617.4765,20,,,3.61,3.61,,-0.030645161290322666
20181221,15:23,3:23 PM,-1,-1,-1,0,0,0,3.61,3.6,3.607,3.607,1411,5089.2077,16,,,3.61,3.61,,-0.030376344086021502
20181221,15:24,3:24 PM,3.605,3.605,3.605,100,360.5,1,3.61,3.597,3.602,3.602,5219,18796.7382,24,3.605,3.605,3.6,3.61,-0.03273410249530451,-0.03172043010752697
20181221,15:25,3:25 PM,3.605,3.605,3.605,300,1081.5,2,3.61,3.598,3.603,3.603,4014,14461.79,18,3.605,3.605,3.605,3.61,-0.03273410249530451,-0.031451612903225803
20181221,15:26,3:26 PM,3.605,3.59,3.597,3600,12950,12,3.61,3.59,3.599,3.599,88869,319871.5247,153,3.605,3.59,3.605,3.59,-0.034880601019586774,-0.032526881720430105
20181221,15:27,3:27 PM,3.595,3.59,3.594,900,3235,2,3.6,3.59,3.591,3.591,3604,12943.8887,17,3.595,3.59,3.59,3.59,-0.03568553796619265,-0.03467741935483871
20181221,15:28,3:28 PM,3.595,3.59,3.591,2200,7901,6,3.599,3.59,3.592,3.592,3506,12595.3206,16,3.595,3.59,3.595,3.59,-0.036490474912798415,-0.03440860215053766
20181221,15:29,3:29 PM,3.59,3.575,3.582,7600,27225.5,37,3.6,3.575,3.582,3.582,314104,1124994.7921,420,3.59,3.585,3.59,3.585,-0.03890528575261605,-0.037096774193548475
20181221,15:30,3:30 PM,3.585,3.585,3.585,1800,6453,3,3.59,3.58,3.588,3.588,36043,129316.5775,71,3.585,3.585,3.585,3.585,-0.038100348806010174,-0.035483870967741964
20181221,15:31,3:31 PM,-1,-1,-1,0,0,0,3.59,3.58,3.585,3.585,7920,28392.1805,39,,,3.585,3.58,,-0.03629032258064522
20181221,15:32,3:32 PM,-1,-1,-1,0,0,0,3.59,3.58,3.585,3.585,8830,31655.4021,40,,,3.585,3.58,,-0.03629032258064522
20181221,15:33,3:33 PM,-1,-1,-1,0,0,0,3.59,3.58,3.583,3.583,2803,10043.2583,19,,,3.59,3.585,,-0.03682795698924731
20181221,15:34,3:34 PM,3.585,3.585,3.585,600,2151,3,3.59,3.58,3.587,3.587,26693,95754.2458,58,3.585,3.585,3.58,3.585,-0.038100348806010174,-0.03575268817204301
20181221,15:35,3:35 PM,3.585,3.585,3.585,1000,3585,5,3.59,3.58,3.584,3.584,18193,65201.764,51,3.585,3.585,3.58,3.585,-0.038100348806010174,-0.036559139784946265
20181221,15:36,3:36 PM,3.585,3.585,3.585,8571,30727.035,8,3.59,3.58,3.585,3.585,18775,67301.6236,69,3.585,3.585,3.585,3.59,-0.038100348806010174,-0.03629032258064522
20181221,15:37,3:37 PM,3.585,3.585,3.585,900,3226.5,1,3.586,3.58,3.582,3.582,14499,51939.8022,53,3.585,3.585,3.58,3.585,-0.038100348806010174,-0.037096774193548475
20181221,15:38,3:38 PM,3.585,3.585,3.585,9280,33268.8,7,3.59,3.58,3.583,3.583,33108,118642.5026,91,3.585,3.585,3.59,3.585,-0.038100348806010174,-0.03682795698924731
20181221,15:39,3:39 PM,3.585,3.585,3.585,1100,3943.5,2,3.59,3.58,3.583,3.583,16640,59625.1728,91,3.585,3.585,3.58,3.585,-0.038100348806010174,-0.03682795698924731
20181221,15:40,3:40 PM,3.585,3.585,3.585,7665,27479.025,9,3.59,3.58,3.584,3.584,37330,133785.6849,155,3.585,3.585,3.585,3.59,-0.038100348806010174,-0.036559139784946265
20181221,15:41,3:41 PM,3.585,3.585,3.585,2165,7761.525,6,3.59,3.58,3.584,3.584,47940,171838.1714,107,3.585,3.585,3.59,3.585,-0.038100348806010174,-0.036559139784946265
20181221,15:42,3:42 PM,3.585,3.585,3.585,2627,9417.795,9,3.59,3.58,3.585,3.585,42656,152906.6206,183,3.585,3.585,3.59,3.59,-0.038100348806010174,-0.03629032258064522
20181221,15:43,3:43 PM,3.585,3.585,3.585,1600,5736,13,3.59,3.58,3.585,3.585,30437,109129.402,146,3.585,3.585,3.59,3.59,-0.038100348806010174,-0.03629032258064522
20181221,15:44,3:44 PM,3.585,3.585,3.585,2500,8962.5,16,3.59,3.58,3.584,3.584,41558,148961.155,179,3.585,3.585,3.59,3.59,-0.038100348806010174,-0.036559139784946265
20181221,15:45,3:45 PM,3.585,3.585,3.585,3734,13386.39,20,3.59,3.58,3.585,3.585,47776,171267.1672,187,3.585,3.585,3.58,3.585,-0.038100348806010174,-0.03629032258064522
20181221,15:46,3:46 PM,3.595,3.585,3.591,47626,171050.84,28,3.6,3.58,3.591,3.591,339324,1218496.9363,464,3.585,3.595,3.59,3.6,-0.036490474912798415,-0.03467741935483871
20181221,15:47,3:47 PM,3.595,3.595,3.595,56500,203117.5,7,3.6,3.59,3.595,3.595,338630,1217424.5594,130,3.595,3.595,3.6,3.6,-0.03541722565065728,-0.033602150537634407
20181221,15:48,3:48 PM,3.595,3.595,3.595,1200,4314,7,3.6,3.59,3.597,3.597,21245,76415.926,99,3.595,3.595,3.6,3.6,-0.03541722565065728,-0.033064516129032315
20181221,15:49,3:49 PM,-1,-1,-1,0,0,0,3.6,3.59,3.599,3.599,20887,75176.2258,134,,,3.6,3.6,,-0.032526881720430105
20181221,15:50,3:50 PM,3.6,3.595,3.6,17500,62997.5,17,3.6,3.59,3.599,3.599,97005,349175.0198,289,3.595,3.595,3.6,3.6,-0.03407566407298089,-0.032526881720430105
20181221,15:51,3:51 PM,3.6,3.595,3.599,9932,35748.7,7,3.6,3.59,3.599,3.599,62938,226505.2538,211,3.6,3.595,3.6,3.6,-0.03434397638851615,-0.032526881720430105
20181221,15:52,3:52 PM,3.6,3.595,3.596,954,3431.13,4,3.6,3.59,3.599,3.599,53921,194046.7849,246,3.6,3.595,3.595,3.595,-0.035148913335122024,-0.032526881720430105
20181221,15:53,3:53 PM,3.6,3.595,3.599,1600,5759,12,3.6,3.59,3.599,3.599,86662,311891.814,293,3.6,3.595,3.595,3.6,-0.03434397638851615,-0.032526881720430105
20181221,15:54,3:54 PM,-1,-1,-1,0,0,0,3.61,3.595,3.604,3.604,72349,260783.6901,217,,,3.595,3.61,,-0.031182795698924758
20181221,15:55,3:55 PM,3.615,3.605,3.612,35317,127578.215,39,3.62,3.605,3.612,3.612,479789,1732929.231,570,3.605,3.615,3.605,3.615,-0.030855916286557494,-0.029032258064516155
20181221,15:56,3:56 PM,3.62,3.615,3.619,18900,68393,19,3.62,3.61,3.616,3.616,152550,551634.1612,276,3.62,3.615,3.62,3.62,-0.02897773007781048,-0.02795698924731185
20181221,15:57,3:57 PM,3.62,3.615,3.618,20676,74797.07,19,3.62,3.61,3.618,3.618,211300,764388.2865,358,3.615,3.615,3.615,3.62,-0.029246042393345852,-0.02741935483870976
20181221,15:58,3:58 PM,3.62,3.615,3.619,16107,58291.975,21,3.62,3.61,3.618,3.618,195323,706675.9029,435,3.62,3.62,3.615,3.615,-0.02897773007781048,-0.02741935483870976
20181221,15:59,3:59 PM,3.63,3.615,3.625,33095,119979.875,71,3.63,3.61,3.624,3.624,420387,1523610.63,745,3.615,3.625,3.615,3.63,-0.02736785618459884,-0.025806451612903247
